<?xml version="1.0" encoding="utf-8" standalone="no"?>
<!DOCTYPE dotfuscator SYSTEM "http://www.preemptive.com/dotfuscator/dtd/dotfuscator_v2.1.dtd">
<dotfuscator version="2.1">
  <!--This is application generated code. Do not edit manually.-->
  <input>
    <asmlist>
      <inputassembly>
        <file dir="D:\Development\Source\MetaGen\DesktopClr\CSharp\bin\Debug" name="DanielVaughan.MetaGen.Demo.exe" />
      </inputassembly>
    </asmlist>
  </input>
  <output>
    <file dir="${configdir}\Dotfuscated" />
  </output>
  <renaming>
    <excludelist>
      <namespace name="DanielVaughan.MetaGen.Demo.Metadata" />
    </excludelist>
    <mapping>
      <mapoutput overwrite="false">
        <file dir="${configdir}\Dotfuscated" name="Map.xml" />
      </mapoutput>
    </mapping>
  </renaming>
</dotfuscator>