<?xml version="1.0" encoding="UTF-8"?><?xml-stylesheet type='text/xsl' href='_UpgradeReport_Files/UpgradeReport.xslt'?><UpgradeLog>
<Properties><Property Name="Solution" Value="Core">
</Property><Property Name="Solution File" Value="D:\Development\Source\Core\Core.sln">
</Property><Property Name="Date" Value="Saturday, 1 August 2009">
</Property><Property Name="Time" Value="14:56 PM">
</Property></Properties><Event ErrorLevel="0" Project="DanielVaughan" Source="Core\DanielVaughan.csproj" Description="The project file does not require conversion.">
</Event><Event ErrorLevel="3" Project="DanielVaughan" Source="Core\DanielVaughan.csproj" Description="No Conversion Required">
</Event><Event ErrorLevel="2" Project="Core.Tests" Source="Core.Tests\Core.Tests.csproj" Description="Unable to open project file to perform upgrade.  ">
</Event><Event ErrorLevel="0" Project="DanielVaughan.Silverlight" Source="SilverlightCore\DanielVaughan.Silverlight.csproj" Description="The project file does not require conversion.">
</Event><Event ErrorLevel="3" Project="DanielVaughan.Silverlight" Source="SilverlightCore\DanielVaughan.Silverlight.csproj" Description="No Conversion Required">
</Event><Event ErrorLevel="0" Project="SilverlightCore.Tests" Source="SilverlightCore.Tests\SilverlightCore.Tests.csproj" Description="Project converted successfully">
</Event><Event ErrorLevel="3" Project="SilverlightCore.Tests" Source="SilverlightCore.Tests\SilverlightCore.Tests.csproj" Description="Converted">
</Event><Event ErrorLevel="0" Project="SilverlightExamples" Source="SilverlightExamples\SilverlightExamples.csproj" Description="Project converted successfully">
</Event><Event ErrorLevel="3" Project="SilverlightExamples" Source="SilverlightExamples\SilverlightExamples.csproj" Description="Converted">
</Event><Event ErrorLevel="0" Project="SilverlightExamples.Web" Source="SilverlightExamples.Web\SilverlightExamples.Web.csproj" Description="The project file does not require conversion.">
</Event><Event ErrorLevel="3" Project="SilverlightExamples.Web" Source="SilverlightExamples.Web\SilverlightExamples.Web.csproj" Description="No Conversion Required">
</Event><Event ErrorLevel="0" Project="" Source="Core.sln" Description="The solution file does not require conversion.">
</Event><Event ErrorLevel="3" Project="" Source="Core.sln" Description="No Conversion Required">
</Event><Event ErrorLevel="0" Project="SilverlightExamples" Source="SilverlightExamples\SilverlightExamples.csproj" Description="Scan complete: Upgrade not required for project files.">
</Event><Event ErrorLevel="0" Project="SilverlightCore.Tests" Source="SilverlightCore.Tests\SilverlightCore.Tests.csproj" Description="Scan complete: Upgrade not required for project files.">
</Event></UpgradeLog>